variable;frequency;tid_mensal;pipeline_mensal;votos_mensal;cv_var_mensal;iqr_mensal;steps_mensal;nobs_mensal;tid_anual;pipeline_anual;votos_anual;cv_var_anual;iqr_anual;steps_anual;nobs_anual
abate_bois;Monthly;1.0;diff;4.0;0.5701969415905608;0.7992674671001823;1.0;362.0;9;sdiff12→diff;4;0.6788254131159275;0.8761977707599323;2;350
abate_bovinos;Monthly;1.0;diff;4.0;0.6335050479869354;0.8684586830959056;1.0;362.0;9;sdiff12→diff;4;0.7420620383108516;0.7944553069112041;2;350
abate_frangos;Monthly;1.0;diff;4.0;0.8461537029256772;1.337915005411784;1.0;362.0;12;boxcox→sdiff12→diff;4;1.0053365164199104;2.0211909522511946;3;350
abate_novilhos;Monthly;5.0;boxcox→diff;4.0;0.5104731804157734;0.8028917648954105;2.0;350.0;14;mom_pct_annual_rate;4;0.5247704426340484;0.9763704743194059;1;350
abate_suinos;Monthly;3.0;log→diff;3.0;0.504838543488717;0.5518400928875532;3.0;362.0;9;sdiff12→diff;4;1.1464952221002922;1.2785915319428316;2;350
abate_vacas;Monthly;13.0;mom_pct;3.0;0.37945602873080014;0.6234117236877981;1.0;362.0;11;log→sdiff12→diff;4;0.4857540690081389;0.618928380343692;4;350
abcr_trafego_veiculos_pesados;Monthly;7.0;yeojohnson→diff;4.0;1.7787356491557778;1.8844996465880397;2.0;328.0;8;sdiff12;4;1.1186821075061635;2.410351577463365;1;317
abras;Monthly;7.0;yeojohnson→diff;4.0;0.8942343770881085;0.9839048559525809;2.0;304.0;14;mom_pct_annual_rate;3;0.5026041573183901;0.8994654833030409;1;304
caged_estoque_AER;Monthly;3.0;log→diff;3.0;0.5804370027929948;0.8278948376798076;3.0;232.0;9;sdiff12→diff;4;0.5255850663531103;0.5272618728279667;2;220
caged_estoque_EG;Monthly;13.0;mom_pct;4.0;0.8072730011752631;0.5996749383279023;1.0;232.0;9;sdiff12→diff;4;0.7186398049107802;0.7352003593091071;2;220
caged_estoque_SIUP;Monthly;;;;;;;;11;log→sdiff12→diff;3;0.5090239832521372;0.601664456896773;4;352
caged_estoque_agro;Monthly;1.0;diff;4.0;0.9361665116162589;1.774952137163291;1.0;364.0;9;sdiff12→diff;4;0.7657702307218979;1.761189923859303;2;352
caged_estoque_comercio;Monthly;5.0;boxcox→diff;3.0;2.7267886139403346;1.3771855874969545;2.0;364.0;11;log→sdiff12→diff;4;1.735150864735283;1.3258918246802252;4;352
caged_estoque_construcao;Monthly;13.0;mom_pct;3.0;1.1826299658750858;2.098692588448845;1.0;364.0;11;log→sdiff12→diff;4;1.0010050906165022;2.180111793564942;4;352
caged_estoque_ind_extrativa;Monthly;5.0;boxcox→diff;4.0;0.9086365182245861;1.5352691670031935;2.0;364.0;11;log→sdiff12→diff;4;0.8719349079330657;1.837394909833242;4;352
caged_estoque_ind_transformacao;Monthly;13.0;mom_pct;4.0;1.5656977596027566;1.4181552861328992;1.0;364.0;11;log→sdiff12→diff;4;1.3117042550752853;2.151700884044222;4;352
caged_estoque_servicos;Monthly;5.0;boxcox→diff;4.0;2.6657671511464542;1.3964587135715587;2.0;364.0;11;log→sdiff12→diff;4;2.0523401725513244;1.376499588849574;4;352
cni_horas_trabalhadas;Monthly;7.0;yeojohnson→diff;4.0;1.0294771565559921;1.2687818160632491;2.0;280.0;12;boxcox→sdiff12→diff;4;0.7778706045771966;1.0830437070038765;3;268
cni_massa_salarial;Monthly;1.0;diff;3.0;0.9585921540309333;1.2791589598520254;1.0;244.0;9;sdiff12→diff;3;0.830664125401213;0.8011800591207205;2;232
cni_nuci_transformacao;Monthly;7.0;yeojohnson→diff;4.0;0.6296892999791164;0.9251113723918036;2.0;280.0;12;boxcox→sdiff12→diff;4;0.6704404244558044;0.892384015877611;3;268
cni_salario_industria;Monthly;1.0;diff;4.0;0.9647012024788049;1.2791589598520254;1.0;244.0;9;sdiff12→diff;4;0.8353422537820424;0.8011800591207204;2;232
cni_vendas_industriais;Monthly;1.0;diff;4.0;1.1668927203515587;0.6922888209957067;1.0;279.0;14;mom_pct_annual_rate;4;1.3838301998659632;0.7153418760522832;1;279
concessoes_PF_total;Monthly;13.0;mom_pct;4.0;0.753586473580222;0.9686269744241653;1.0;182.0;11;log→sdiff12→diff;4;0.6314933073100382;0.7501114485266845;4;170
concessoes_PJ_total;Monthly;7.0;yeojohnson→diff;4.0;0.7458442488514625;1.3413107567105644;2.0;182.0;9;sdiff12→diff;4;0.5700611609759135;0.6923283947706337;2;170
concessoes_direcionados_PF_total;Monthly;13.0;mom_pct;4.0;0.3662463286589264;0.6052977317203303;1.0;182.0;14;mom_pct_annual_rate;4;0.3662463286589264;0.6052977317203303;1;182
concessoes_direcionados_PJ_total;Monthly;1.0;diff;4.0;0.8791377651104206;1.9378138043383535;1.0;182.0;15;yoy_pct_monthly;4;1.6516900697523387;1.516011619049991;1;171
concessoes_direcionados_credito_rural;Monthly;5.0;boxcox→diff;4.0;0.6384151186345876;0.44760193184479136;2.0;182.0;14;mom_pct_annual_rate;4;0.8146826068152083;2.6287340861942945;1;182
concessoes_livres_PF_aquisicao_de_bens_total;Monthly;7.0;yeojohnson→diff;4.0;0.5147654515910535;1.1057269192608692;2.0;182.0;14;mom_pct_annual_rate;4;0.7070835330855744;0.6064331649801519;1;182
concessoes_livres_PF_arrendamento_mercantil_total;Monthly;13.0;mom_pct;4.0;1.708061307194207;460.070141295246;1.0;182.0;15;yoy_pct_monthly;4;1.5154757920360278;503.6607812189097;1;171
concessoes_livres_PF_cartao_de_credito_total;Monthly;13.0;mom_pct;4.0;0.41117252476304805;0.811140203452674;1.0;182.0;14;mom_pct_annual_rate;4;0.41117252476304805;0.811140203452674;1;182
concessoes_livres_PF_cheque_especial;Monthly;3.0;log→diff;3.0;0.42412654116816534;0.6018952005820745;3.0;182.0;9;sdiff12→diff;3;0.43003170183827344;0.4955491041131326;2;170
concessoes_livres_PF_credito_pessoal_consignado_total;Monthly;1.0;diff;4.0;0.7213828695509904;1.6617691230171832;1.0;182.0;14;mom_pct_annual_rate;4;0.7819296620501368;1.2888677968711202;1;182
concessoes_livres_PF_credito_pessoal_nao_consignado_total;Monthly;5.0;boxcox→diff;4.0;0.5853300576586422;0.7189878363995876;2.0;182.0;12;boxcox→sdiff12→diff;4;0.5548253508857603;0.7343916455211856;3;170
concessoes_livres_PF_total;Monthly;13.0;mom_pct;4.0;0.8094815161246741;1.0302131884619592;1.0;182.0;9;sdiff12→diff;4;0.6962064966911271;2.1186126470222493;2;170
concessoes_livres_PJ_aquisicao_de_bens_total;Monthly;13.0;mom_pct;4.0;0.5443023113765272;0.815160865547031;1.0;182.0;14;mom_pct_annual_rate;4;0.5443023113765272;0.815160865547031;1;182
concessoes_livres_PJ_arrendamento_mercantil_total;Monthly;1.0;diff;4.0;0.324145754517325;0.49030145962237914;1.0;182.0;9;sdiff12→diff;4;0.45283580452430267;0.5880996564602643;2;170
concessoes_livres_PJ_capital_de_giro_total;Monthly;5.0;boxcox→diff;4.0;0.7751055824437912;1.464193648519571;2.0;182.0;12;boxcox→sdiff12→diff;4;0.746983475564939;1.283977356068712;3;170
concessoes_livres_PJ_capital_giro;Monthly;5.0;boxcox→diff;4.0;0.9769248345503212;1.2280404549585047;2.0;182.0;12;boxcox→sdiff12→diff;4;0.8826432028986643;1.316730464717218;3;170
concessoes_livres_PJ_cartao_de_credito_total;Monthly;3.0;log→diff;4.0;0.5986640988288442;1.043055939306448;3.0;182.0;11;log→sdiff12→diff;4;0.5065031513185945;0.9173012166085307;4;170
concessoes_livres_PJ_desconto_de_duplicatas_e_recebveis;Monthly;7.0;yeojohnson→diff;4.0;0.5070465105419749;0.833341178466003;2.0;182.0;12;boxcox→sdiff12→diff;4;0.44277240844732924;0.8024925622491932;3;170
concessoes_livres_PJ_total;Monthly;13.0;mom_pct;4.0;0.8969971737268495;0.692592831525097;1.0;182.0;11;log→sdiff12→diff;4;0.6530305411792029;0.9106252277253053;4;170
concessoes_livres_total;Monthly;13.0;mom_pct;4.0;0.38928617717253194;0.4218386928781171;1.0;182.0;14;mom_pct_annual_rate;4;0.38928617717253194;0.4218386928781171;1;182
cons_energ_comercial;Monthly;13.0;mom_pct;3.0;0.8602257687434878;0.834692871517345;1.0;364.0;12;boxcox→sdiff12→diff;4;0.7724690453610352;0.7338640279358672;3;352
cons_energ_industrial;Monthly;13.0;mom_pct;4.0;1.0164152475653554;1.2872842792269519;1.0;364.0;9;sdiff12→diff;4;0.8282370195558315;1.2292884645895799;2;352
cons_energ_outros;Monthly;13.0;mom_pct;3.0;0.6041318476323487;0.8146495547492435;1.0;364.0;8;sdiff12;4;1.0842698940266853;2.004130557704368;1;353
cons_energ_residencial;Monthly;13.0;mom_pct;3.0;0.5878496637184768;0.9198318836380965;1.0;364.0;8;sdiff12;4;1.4142615293938228;1.7153205221490193;1;353
consumo_GLP;Monthly;3.0;log→diff;3.0;0.5918323604619462;0.7379868858578021;3.0;363.0;15;yoy_pct_monthly;3;0.513608604003832;0.5670441909523318;1;352
consumo_alcool_anidro;Monthly;13.0;mom_pct;4.0;0.5583459475705442;0.8825825641877229;1.0;363.0;11;log→sdiff12→diff;4;0.48559011688628306;0.6840879477314317;4;351
consumo_alcool_hidratado;Monthly;3.0;log→diff;4.0;0.8624810854427365;0.7980505166976655;3.0;363.0;15;yoy_pct_monthly;4;0.6313397477062199;1.0408723344730662;1;352
consumo_demais_derivados;Monthly;5.0;boxcox→diff;4.0;2.2957312617571;1.8392703373374237;2.0;363.0;12;boxcox→sdiff12→diff;4;1.746063941208927;2.5221647636286333;3;351
consumo_diesel;Monthly;3.0;log→diff;4.0;0.5511750210075854;0.9086260892316347;3.0;363.0;10;log→sdiff12;4;0.4350586675159005;0.6159562120530564;3;352
consumo_gasolina;Monthly;1.0;diff;4.0;0.6528048396693429;0.8873011853768389;1.0;363.0;8;sdiff12;4;0.7983263059323563;1.4513327481169869;1;352
consumo_oleo_combustivel;Monthly;5.0;boxcox→diff;4.0;1.0776054246409201;2.219753292051836;2.0;363.0;12;boxcox→sdiff12→diff;4;0.975868480888132;2.855980680416246;3;351
desembolso_BNDES_agro;Monthly;3.0;log→diff;4.0;0.811391968511903;1.7306982121358476;3.0;362.0;11;log→sdiff12→diff;4;0.7574930668828628;0.9203114502377955;4;350
desembolso_BNDES_comercio_servicos;Monthly;1.0;diff;4.0;1.056186375382396;3.406857357792284;1.0;362.0;8;sdiff12;4;1.2225690476523385;1.909771744812956;1;351
desembolso_BNDES_ind_extrativa;Monthly;1.0;diff;4.0;0.99131303287809;1.7371398983031516;1.0;362.0;9;sdiff12→diff;4;1.135550697101471;7.244739373777116;2;350
desembolso_BNDES_ind_transformacao;Monthly;7.0;yeojohnson→diff;4.0;1.768987182851541;5.39277055518501;2.0;362.0;8;sdiff12;4;2.129875484938058;2.580350188967414;1;351
fenabrave_automoveis;Monthly;7.0;yeojohnson→diff;4.0;0.8179370091471896;1.253395683333553;2.0;364.0;14;mom_pct_annual_rate;4;1.3016504071169184;0.9705413137515151;1;364
fenabrave_caminhoes;Monthly;5.0;boxcox→diff;4.0;0.7765458667323052;0.8863665247093839;2.0;364.0;10;log→sdiff12;4;0.5880111588000719;1.0175995220679004;3;353
fenabrave_comerciais_leves;Monthly;13.0;mom_pct;4.0;0.6583756460541675;0.6529312224610555;1.0;364.0;14;mom_pct_annual_rate;4;0.6583756460541675;0.6529312224610555;1;364
fenabrave_onibus;Monthly;7.0;yeojohnson→diff;4.0;0.43463624074716556;0.47995570755540556;2.0;364.0;12;boxcox→sdiff12→diff;4;0.38556580973446075;0.6548411428460532;3;352
fgv_nuci;Monthly;1.0;diff;4.0;2.4879392318488223;0.7054482179287187;1.0;305.0;8;sdiff12;4;1.5577270131856484;3.2713124248393575;1;294
geracao_energ_eolica;Monthly;1.0;diff;4.0;1.270221850450309;4.399013001478482;1.0;243.0;9;sdiff12→diff;4;1.2848663111418297;5.990893209321713;2;231
geracao_energ_hidraulica;Monthly;1.0;diff;4.0;0.8182330149433287;1.5169078440098505;1.0;365.0;9;sdiff12→diff;4;0.7974192738185713;1.1278746050547512;2;353
geracao_energ_solar;Monthly;13.0;mom_pct;4.0;1.925399262869467;174.58197026426922;1.0;137.0;9;sdiff12→diff;4;1.4950220726439625;47.69446513012297;2;125
geracao_energ_termica;Monthly;1.0;diff;4.0;0.9530158731319244;1.700026342951731;1.0;365.0;9;sdiff12→diff;4;0.9827605303950737;1.6838373330966538;2;353
geracao_energ_termonuclear;Monthly;7.0;yeojohnson→diff;4.0;0.4612577262228497;0.5533506642697049;2.0;365.0;8;sdiff12;4;0.40485198938265865;0.5283102621292032;1;354
ibcbr_agro;Monthly;13.0;mom_pct;4.0;0.7523971685548384;1.0186450282781727;1.0;280.0;10;log→sdiff12;4;0.6296391471014772;0.9612567393614737;3;269
ibcbr_ind;Monthly;1.0;diff;4.0;1.3166220236060409;1.7423587641534104;1.0;280.0;9;sdiff12→diff;4;1.062538674667469;1.768865227023817;2;268
ibcbr_servicos;Monthly;13.0;mom_pct;4.0;1.617757804164285;0.9718267447231063;1.0;280.0;12;boxcox→sdiff12→diff;4;1.3430559464980762;1.13542796088107;3;268
icc_fecomercio;Monthly;1.0;diff;4.0;0.8925884371391212;0.9917869038223281;1.0;326.0;14;mom_pct_annual_rate;4;1.6089118030033387;1.1080143658421533;1;326
icc_fgv;Monthly;7.0;yeojohnson→diff;4.0;1.7498233489306445;0.8909860388281752;2.0;191.0;12;boxcox→sdiff12→diff;4;1.308039721749015;1.9775959062103017;3;179
icc_fgv_expectativas;Monthly;1.0;diff;4.0;1.8142611055269213;0.8853035160611238;1.0;191.0;12;boxcox→sdiff12→diff;4;0.9901524008950358;1.9056606251945298;3;179
icc_fgv_sit_atual;Monthly;13.0;mom_pct;4.0;1.4744895801147302;1.1038686598085834;1.0;191.0;12;boxcox→sdiff12→diff;4;1.0013047846230414;0.899000752906559;3;179
icea_fecomercio;Monthly;1.0;diff;4.0;0.7374197237548905;1.2089722322367122;1.0;326.0;9;sdiff12→diff;4;0.571209793552222;0.9631986630667779;2;314
ics_fgv;Monthly;1.0;diff;4.0;1.8038235396218978;1.7359229490653285;1.0;216.0;8;sdiff12;4;1.1098628023646446;3.398360783900957;1;205
ief_fecomercio;Monthly;7.0;yeojohnson→diff;4.0;0.9841944737012404;0.824970578366172;2.0;326.0;12;boxcox→sdiff12→diff;4;0.6770123769662418;1.0694409371103373;3;314
ies_fgv;Monthly;5.0;boxcox→diff;4.0;0.9854240264566279;0.8861508807810617;2.0;216.0;12;boxcox→sdiff12→diff;4;0.7259018077256821;1.724111468467707;3;204
igp10;Monthly;6.0;yeojohnson;4.0;0.7582039015124862;1.3480616221414043;1.0;366.0;8;sdiff12;4;0.7984965391123865;1.0882356865410765;1;354
igpdi;Monthly;6.0;yeojohnson;4.0;0.777004226627567;1.384482093973901;1.0;366.0;9;sdiff12→diff;4;0.7654982380284596;0.9230901079098747;2;353
igpm;Monthly;7.0;yeojohnson→diff;4.0;0.6098996347978016;1.0385973245714493;2.0;365.0;8;sdiff12;4;0.8137583140757993;1.0550731047984538;1;354
inadimplencia_livres_PF_aquisicao_de_bens_total;Monthly;13.0;mom_pct;4.0;0.7537442746554598;1.4225999606380093;1.0;182.0;9;sdiff12→diff;4;0.6017386847532759;0.9495919707305129;2;170
inadimplencia_livres_PF_arrendamento_mercantil_total;Monthly;13.0;mom_pct;4.0;1.7373745564035787;111.16243826259625;1.0;182.0;14;mom_pct_annual_rate;4;1.7373745564035787;111.16243826259625;1;182
inadimplencia_livres_PF_cartao_de_credito_total;Monthly;7.0;yeojohnson→diff;4.0;0.6808848158468999;0.966190811923558;2.0;182.0;12;boxcox→sdiff12→diff;4;0.7416979625302452;0.8283054108928499;3;170
inadimplencia_livres_PF_cheque_especial;Monthly;7.0;yeojohnson→diff;3.0;0.7464867163331758;1.15032184499514;2.0;182.0;12;boxcox→sdiff12→diff;4;0.6634658921922004;1.181506140512876;3;170
inadimplencia_livres_PF_credito_pessoal_consignado_total;Monthly;3.0;log→diff;4.0;0.6357451265208691;1.422897159406561;3.0;182.0;11;log→sdiff12→diff;4;0.6175341122735967;0.9960311622160211;4;170
inadimplencia_livres_PF_credito_pessoal_nao_consignado_total;Monthly;13.0;mom_pct;4.0;0.5598489020279739;1.0887705523129365;1.0;182.0;9;sdiff12→diff;4;0.4636056259733508;0.67146761073084;2;170
inadimplencia_livres_PF_total;Monthly;7.0;yeojohnson→diff;4.0;0.5800689830524022;0.8986616645049682;2.0;182.0;12;boxcox→sdiff12→diff;4;0.5950561955857485;0.9574560321999667;3;170
inadimplencia_livres_PJ_aquisicao_de_bens_total;Monthly;3.0;log→diff;3.0;1.0498212117803003;3.3058563505082676;3.0;182.0;12;boxcox→sdiff12→diff;4;0.4310537359031458;0.7567573480334667;3;170
inadimplencia_livres_PJ_arrendamento_mercantil_total;Monthly;5.0;boxcox→diff;4.0;0.8505309382047948;1.4047424470030665;2.0;182.0;9;sdiff12→diff;4;0.804421375458952;2.5663005801625416;2;170
inadimplencia_livres_PJ_capital_de_giro_total;Monthly;5.0;boxcox→diff;4.0;0.7745251451588279;1.0030411192420652;2.0;182.0;11;log→sdiff12→diff;4;0.844427612002817;1.5095635081417045;4;170
inadimplencia_livres_PJ_cartao_de_credito_total;Monthly;3.0;log→diff;3.0;0.8071780399481346;1.7595130349105952;3.0;182.0;11;log→sdiff12→diff;3;0.6861595788727037;0.8599168596991387;4;170
inadimplencia_livres_PJ_desconto_de_duplicatas_e_recebiveis;Monthly;3.0;log→diff;4.0;1.3102734023837683;6.324344060155083;3.0;182.0;11;log→sdiff12→diff;4;1.2935306277081995;4.384152316412805;4;170
inadimplencia_livres_PJ_total;Monthly;13.0;mom_pct;4.0;0.6124542116630473;0.9654341609549755;1.0;182.0;11;log→sdiff12→diff;4;0.6031635978756693;1.1667890344347378;4;170
inadimplencia_livres_total;Monthly;1.0;diff;4.0;0.46430667932033254;0.9457678167967115;1.0;182.0;9;sdiff12→diff;4;0.44969994071470754;0.7978703919712903;2;170
incc;Monthly;13.0;mom_pct;4.0;1.383341060407626;5.947027635842511;1.0;365.0;14;mom_pct_annual_rate;4;1.383341060407626;5.947027635842511;1;365
ipam;Monthly;7.0;yeojohnson→diff;4.0;0.6025694822644134;0.8835153108317559;2.0;365.0;8;sdiff12;4;0.7698732660843588;0.9705082751341333;1;354
ipc_fipe;Monthly;0.0;nível;4.0;0.9247133408961694;1.0641816556451444;0.0;366.0;9;sdiff12→diff;4;0.6493848708951391;0.8369833958791283;2;353
ipca15;Monthly;1.0;diff;4.0;0.7576481862965015;1.7623099844554468;1.0;313.0;9;sdiff12→diff;4;0.7400490374218068;1.219371832110876;2;301
ipca_DP;Monthly;1.0;diff;4.0;0.9153022132253321;1.1484395031662051;1.0;365.0;8;sdiff12;4;1.1061305521251525;1.6568049474043502;1;354
ipca_EX0;Monthly;7.0;yeojohnson→diff;4.0;0.4743260776818962;0.6197331614711582;2.0;365.0;9;sdiff12→diff;4;0.43939176064453833;0.563597920322433;2;353
ipca_EX1;Monthly;1.0;diff;4.0;0.5842744632184101;0.879834384959318;1.0;365.0;14;mom_pct_annual_rate;4;3.5387563679668053;9.556964829639117;1;365
ipca_EX2;Monthly;7.0;yeojohnson→diff;4.0;0.6821777251733301;1.2531144082719679;2.0;365.0;8;sdiff12;4;1.0153720962568245;1.7542641814993385;1;354
ipca_EX3;Monthly;13.0;mom_pct;4.0;3.136939735223416;31.26168986525616;1.0;365.0;15;yoy_pct_monthly;4;2.6603405521973666;6.367834476836883;1;354
ipca_EXFE;Monthly;7.0;yeojohnson→diff;4.0;0.5168587982664933;0.7910417661306517;2.0;365.0;15;yoy_pct_monthly;4;2.4916260831984456;2.142685258855585;1;354
ipca_MA;Monthly;6.0;yeojohnson;4.0;0.7402048326867234;1.245392464901268;1.0;366.0;14;mom_pct_annual_rate;4;1.7337906205212812;2.0115290217068553;1;365
ipca_MS;Monthly;13.0;mom_pct;4.0;3.6183127404577875;1.018182342458827;1.0;365.0;15;yoy_pct_monthly;4;3.6009291299857336;1.4102799790691507;1;354
ipca_P55;Monthly;7.0;yeojohnson→diff;4.0;0.5344999079180164;0.9162677248773289;2.0;365.0;9;sdiff12→diff;4;0.7080480768824832;0.6107106783866244;2;353
ipca_administrados;Monthly;13.0;mom_pct;4.0;2.5778842729857065;3.8792055093519684;1.0;365.0;14;mom_pct_annual_rate;4;2.5778842729857065;3.8792055093519684;1;365
ipca_alim_domicilio;Monthly;6.0;yeojohnson;4.0;0.4414788641984592;0.5876178524291126;1.0;366.0;8;sdiff12;4;0.5966548968813264;0.8256095978033187;1;354
ipca_alimentacao;Monthly;6.0;yeojohnson;4.0;0.5633309629137931;0.510444490257141;1.0;366.0;8;sdiff12;4;0.7561289305207958;0.8678514458747486;1;354
ipca_artigos_resid;Monthly;1.0;diff;4.0;0.5869741994937431;0.7867938581630269;1.0;365.0;9;sdiff12→diff;4;0.3962106972245744;0.5454890388039264;2;353
ipca_comercializaveis;Monthly;6.0;yeojohnson;4.0;0.5718741982415437;1.014697631941545;1.0;366.0;8;sdiff12;4;0.8891670066944598;0.875567288712662;1;354
ipca_comunicacao;Monthly;7.0;yeojohnson→diff;4.0;0.8352815742885499;1.6664386195065097;2.0;322.0;8;sdiff12;4;1.0066321239251173;2.295055411030668;1;311
ipca_despesas_pess;Monthly;13.0;mom_pct;4.0;1.2805942082427648;2.9321007440179208;1.0;365.0;14;mom_pct_annual_rate;4;1.2805942082427648;2.9321007440179208;1;365
ipca_difusao;Monthly;1.0;diff;4.0;0.42625406885768363;0.5839008094509163;1.0;365.0;9;sdiff12→diff;4;0.35025492668836716;0.5623817130026423;2;353
ipca_duraveis;Monthly;6.0;yeojohnson;4.0;0.9583532571838055;1.6851992354333185;1.0;366.0;8;sdiff12;4;0.9908420309022457;1.1668385970561057;1;354
ipca_educacao;Monthly;13.0;mom_pct;4.0;1.4843505786527431;3.1541877403291276;1.0;322.0;15;yoy_pct_monthly;4;1.1836681893380776;2.162585052593223;1;311
ipca_habitacao;Monthly;1.0;diff;4.0;1.1389166843337981;2.128767205172316;1.0;365.0;9;sdiff12→diff;4;1.0358472071058502;2.730212616805345;2;353
ipca_industriais;Monthly;6.0;yeojohnson;4.0;0.6824195676358498;1.3987713916502276;1.0;366.0;8;sdiff12;4;0.6561979577932242;0.9895428069704285;1;354
ipca_industriais_subjacentes;Monthly;0.0;nível;4.0;0.969075992241569;2.220429375821118;0.0;366.0;8;sdiff12;4;0.8822969081445593;1.5737465408977929;1;354
ipca_livres;Monthly;0.0;nível;4.0;0.9128661877659555;1.0508908252056843;0.0;366.0;8;sdiff12;4;0.8492116959195086;0.8009471598111849;1;354
ipca_nao_comercializaveis;Monthly;1.0;diff;4.0;0.4347699532461957;0.509798863798102;1.0;365.0;15;yoy_pct_monthly;4;2.42379078674744;9.436700497305806;1;354
ipca_nao_duraveis;Monthly;6.0;yeojohnson;4.0;0.41580290086741145;0.6084025190112816;1.0;366.0;8;sdiff12;4;0.6265561409551006;0.7973971555979144;1;354
ipca_saude;Monthly;13.0;mom_pct;4.0;2.4483469689287;6.3907708247282615;1.0;365.0;15;yoy_pct_monthly;4;2.065442132343124;9.145158335461222;1;354
ipca_semi_duraveis;Monthly;6.0;yeojohnson;4.0;0.9584513367675657;1.2338026254517935;1.0;366.0;8;sdiff12;4;0.8580386658114898;1.1050277996261073;1;354
ipca_servicos;Monthly;13.0;mom_pct;4.0;2.9843495231444015;8.397904852239767;1.0;365.0;14;mom_pct_annual_rate;4;2.9843495231444015;8.397904852239767;1;365
ipca_servicos_subjacentes;Monthly;1.0;diff;4.0;0.440599993517791;0.5365709755217469;1.0;365.0;14;mom_pct_annual_rate;4;2.8485917073452405;33.72330499772108;1;365
ipca_transportes;Monthly;7.0;yeojohnson→diff;4.0;0.8621785394692786;1.0604441264188704;2.0;322.0;8;sdiff12;4;0.9844961321360358;2.79092348211654;1;311
ipca_vestuario;Monthly;6.0;yeojohnson;4.0;0.9316059203037271;1.2050512453145723;1.0;366.0;8;sdiff12;4;0.8820949355777127;0.8924512883887596;1;354
ipcbr;Monthly;1.0;diff;4.0;0.753238159855739;1.6608709923662759;1.0;365.0;8;sdiff12;4;0.8749976221473894;1.1756508690939336;1;354
isas_fgv;Monthly;7.0;yeojohnson→diff;4.0;1.3191918386953503;2.515200255103933;2.0;216.0;12;boxcox→sdiff12→diff;3;0.9902375510529833;2.9185890510368875;3;204
ivgr;Monthly;5.0;boxcox→diff;3.0;1.0209067494815611;1.4253463547827658;2.0;301.0;12;boxcox→sdiff12→diff;4;1.1889571141476565;2.1630501825856254;3;289
mvgr;Monthly;1.0;diff;4.0;0.7167931433850355;1.3174120940816803;1.0;265.0;9;sdiff12→diff;4;0.5561206353936364;0.775786324732399;2;253
papelao_expedicao;Monthly;3.0;log→diff;4.0;0.9409873192236387;0.5351764945476298;3.0;364.0;8;sdiff12;4;0.7445559221405966;1.5899493611056257;1;353
pib;Quarterly;3.0;log→diff;3.0;0.771215001035266;0.968328663408214;3.0;120.0;21;log→sdiff4→diff;4;1.6901089262016895;1.0965760106282578;4;116
pim_bens_capital;Monthly;1.0;diff;4.0;0.777912272303076;2.1017830994984066;1.0;292.0;9;sdiff12→diff;4;0.6940705269537698;1.053622228004078;2;280
pim_bens_consumo;Monthly;5.0;boxcox→diff;4.0;1.1868437675532844;1.210944888365945;2.0;292.0;12;boxcox→sdiff12→diff;4;1.0246886226924707;1.2051289619070678;3;280
pim_bens_duraveis;Monthly;5.0;boxcox→diff;4.0;1.1566133724396903;2.029779025935317;2.0;292.0;8;sdiff12;4;1.1523458648214409;1.8887573873626318;1;281
pim_bens_intermediarios;Monthly;1.0;diff;4.0;1.0275443452565802;2.2752573760478723;1.0;292.0;9;sdiff12→diff;4;0.904768860592775;2.205313339221023;2;280
pim_bens_semi_e_nao_duraveis;Monthly;7.0;yeojohnson→diff;4.0;0.9195930747922227;0.7358508806866563;2.0;292.0;8;sdiff12;4;0.8848519350153645;0.9769668000894002;1;281
pim_industria_extrativa;Monthly;13.0;mom_pct;4.0;0.5977211406981735;1.0799347982023495;1.0;292.0;9;sdiff12→diff;4;0.5446162405253153;0.8745198155595265;2;280
pim_industria_transformacao;Monthly;1.0;diff;4.0;1.3900813867735458;3.44829219252404;1.0;292.0;8;sdiff12;4;1.17560157829513;2.279255677614476;1;281
pim_insumo_constr_civil;Monthly;1.0;diff;4.0;0.9399268091964649;1.273140929670662;1.0;172.0;14;mom_pct_annual_rate;4;1.242830843489609;2.610416737206887;1;172
pmc_automoveis;Monthly;1.0;diff;4.0;1.1034543454207002;2.6045184170498437;1.0;315.0;9;sdiff12→diff;4;0.9631659512528143;3.1126859778332316;2;303
pmc_combustiveis;Monthly;1.0;diff;4.0;0.8306826684240349;1.0887544875293433;1.0;315.0;9;sdiff12→diff;4;0.7064817094513596;0.9507439957297016;2;303
pmc_comercio_ampliado;Monthly;7.0;yeojohnson→diff;4.0;1.2373033676395837;1.8694941157283909;2.0;280.0;12;boxcox→sdiff12→diff;4;0.9882421350392618;1.4568469212201771;3;268
pmc_eqp_material_escritorio;Monthly;1.0;diff;4.0;0.9411854608645976;1.4719172699679244;1.0;280.0;9;sdiff12→diff;4;0.7361506511252534;0.6993931274385956;2;268
pmc_farmaceuticos;Monthly;13.0;mom_pct;4.0;1.280048322007308;1.456243303736855;1.0;280.0;14;mom_pct_annual_rate;4;1.280048322007308;1.456243303736855;1;280
pmc_hiper_supermercados;Monthly;3.0;log→diff;4.0;1.1198458859570881;0.9227800463541219;3.0;315.0;11;log→sdiff12→diff;4;0.8478293083149367;0.816103998944421;4;303
pmc_livros_jornais;Monthly;1.0;diff;4.0;0.8124168401234918;1.2855136291372913;1.0;280.0;9;sdiff12→diff;4;0.8555471969729052;1.0199958664005166;2;268
pmc_material_construcao;Monthly;3.0;log→diff;4.0;1.1334237538414955;0.6418812522854285;3.0;280.0;11;log→sdiff12→diff;4;1.010466272658886;0.7393316020484066;4;268
pmc_moveis_eletrodomesticos;Monthly;3.0;log→diff;4.0;2.0175634249682015;0.7669598042566635;3.0;315.0;8;sdiff12;4;1.6051069130718645;2.267357249803965;1;304
pmc_outros_pessoal;Monthly;1.0;diff;4.0;2.0573215471658655;1.6108284675304874;1.0;280.0;8;sdiff12;4;1.792293361435275;6.113218810562689;1;269
pmc_vestuário;Monthly;5.0;boxcox→diff;4.0;1.6275179291992565;0.917338754525594;2.0;315.0;12;boxcox→sdiff12→diff;4;1.2280892367744045;0.6455720495498913;3;303
pnadc_massa_salarial_efetiva;Monthly;;;;;;;;15;yoy_pct_monthly;3;1.121079103247018;5.514849495836258;1;159
pnadc_massa_salarial_habitual;Monthly;13.0;mom_pct;4.0;0.7421987527512796;1.5942745820553132;1.0;170.0;14;mom_pct_annual_rate;4;0.7421987527512796;1.5942745820553132;1;170
pnadc_salario_real_com_carteira;Monthly;1.0;diff;4.0;0.6348934745671735;1.0151125896088518;1.0;170.0;9;sdiff12→diff;4;0.5490732493663986;0.8103511897424163;2;158
pnadc_salario_real_conta_propria;Monthly;13.0;mom_pct;4.0;0.5910388251373655;0.8379140626145252;1.0;170.0;9;sdiff12→diff;4;0.46570381767025226;0.6601449372886244;2;158
pnadc_salario_real_efetivo;Monthly;;;;;;;;8;sdiff12;3;1.3458455933781814;3.9902814395770285;1;159
pnadc_salario_real_empregadores;Monthly;1.0;diff;4.0;0.5193772294419235;0.8620872291784193;1.0;170.0;14;mom_pct_annual_rate;4;0.5204675322383895;1.018479707220624;1;170
pnadc_salario_real_sem_carteira;Monthly;13.0;mom_pct;4.0;0.6416346463571674;1.3606381938815195;1.0;170.0;14;mom_pct_annual_rate;4;0.6416346463571674;1.3606381938815195;1;170
pnadc_salario_real_setor_privado;Monthly;13.0;mom_pct;4.0;0.9645657965464812;1.4698131237837546;1.0;170.0;9;sdiff12→diff;4;0.8000273863041223;1.7287090083623016;2;158
pnadc_salario_real_setor_publico;Monthly;1.0;diff;4.0;0.7691995963464929;1.1422143363924437;1.0;170.0;12;boxcox→sdiff12→diff;4;0.7654416561099722;1.2112896416724963;3;158
prod_LGN;Monthly;3.0;log→diff;4.0;0.48632773576196;0.6985884754907289;3.0;363.0;14;mom_pct_annual_rate;4;0.4929757104542629;0.7261100385762231;1;363
prod_aco_bruto;Monthly;1.0;diff;4.0;0.761612952510418;0.9659107194046874;1.0;364.0;9;sdiff12→diff;4;0.762453935076275;0.9379124680882321;2;352
prod_automoveis_e_comerciais_leves;Monthly;1.0;diff;4.0;0.9541368973012886;1.3179014444866735;1.0;365.0;9;sdiff12→diff;4;0.8587547058866181;1.1688752736734083;2;353
prod_caminhoes;Monthly;7.0;yeojohnson→diff;4.0;1.2358610045373568;3.8418007750853165;2.0;365.0;8;sdiff12;4;1.0613836577174023;3.0114251274229735;1;354
prod_fertilizante;Monthly;5.0;boxcox→diff;4.0;0.4543798503280294;0.4584464703859101;2.0;339.0;15;yoy_pct_monthly;4;0.7670451620165278;1.1155394288338032;1;328
prod_gas_natural;Monthly;5.0;boxcox→diff;4.0;0.5906701121993777;0.6537444701630268;2.0;363.0;14;mom_pct_annual_rate;4;0.5978303476585772;0.6759288518801716;1;363
prod_oleo_bruto;Monthly;3.0;log→diff;4.0;0.7159540808265582;1.321661625704389;3.0;363.0;11;log→sdiff12→diff;4;0.5804806001463186;0.8733509115625353;4;351
prod_onibus;Monthly;7.0;yeojohnson→diff;4.0;1.0071238482853133;1.15722644501984;2.0;365.0;8;sdiff12;4;0.7261406769905927;1.1302752577970232;1;354
prod_total_autoveiculos;Monthly;7.0;yeojohnson→diff;4.0;0.8127507508963647;1.665912160759165;2.0;292.0;12;boxcox→sdiff12→diff;4;0.728795328161012;0.9632434472232572;3;280
renda_disponivel_familias_restrita;Monthly;13.0;mom_pct;4.0;1.1511436188945114;0.8830038920852411;1.0;278.0;14;mom_pct_annual_rate;4;1.1511436188945114;0.8830038920852411;1;278
selic_mensal;Monthly;3.0;log→diff;4.0;1.6164209819911937;6.559436253463234;3.0;365.0;10;log→sdiff12;4;1.603840906875958;1.1989911332177763;3;354
tjlp;Monthly;7.0;yeojohnson→diff;4.0;1.0486835190776025;1.42286696978475;2.0;365.0;12;boxcox→sdiff12→diff;4;1.0328820791929287;0.9450332179838103;3;353
tx_desemprego;Monthly;3.0;log→diff;3.0;0.7041523498008708;1.349915890601664;3.0;170.0;11;log→sdiff12→diff;4;0.6746428643443909;0.7292117708030742;4;158
vendas_autoveiculos_externo;Monthly;1.0;diff;4.0;0.24224087613843087;0.38324592060718005;1.0;256.0;8;sdiff12;4;0.5272411559328746;0.8164468630404701;1;245
vendas_autoveiculos_interno;Monthly;1.0;diff;4.0;0.8827777539137484;2.062056561013529;1.0;256.0;9;sdiff12→diff;4;0.7343975971021447;1.1166066939773547;2;244
vendas_total_autoveiculos;Monthly;5.0;boxcox→diff;4.0;0.7786645789174192;1.5585980329129423;2.0;256.0;10;log→sdiff12;4;1.7835387051148381;1.3981669879588536;3;245
